mode_index,singular_value_px_per_nm,relative_singular_value,kept_by_selected_rcond
0,0.007408327833655489,1.0,True
1,0.007408298384672176,0.9999960248811912,True
2,0.007271172955011126,0.9814863918384823,True
3,0.007131366379923153,0.9626148491331443,True
4,0.006741499102280755,0.9099893057721635,True
5,0.006741416230750263,0.9099781195055251,True
6,0.0065850150047155375,0.888866577259216,True
7,0.006506357409840016,0.8782491212500224,True
8,0.006505065464726459,0.8780747303290797,True
9,0.006377803032340627,0.8608964364895862,True
10,0.006333257978310613,0.85488360133566,True
11,0.006296430767983914,0.8499125456327258,True
12,0.0061493180089284985,0.8300547906360999,True
13,0.005628041809840609,0.7596912469603232,True
14,0.005627839043347989,0.7596638768847579,True
15,0.004109828199923199,0.554757874138959,True
