case_name,band_name,effective_wavelength_m,opd_rms_nm,strehl_peak,strehl_marechal,fwhm_lambda_over_d,fwhm_arcsec,ee50_lambda_over_d,ee50_arcsec,ee80_lambda_over_d,ee80_arcsec,halo_fraction,source_class,source_note
open_loop,J,1.2410517069432106e-06,130.5031512090736,0.6461580004775269,0.64459267950114,1.109069514502115,0.14188656807647446,0.7448348337199052,0.09509368400086045,1.5948464066908816,0.20405938566204532,0.07479332077831621,synthetic_assumed,Synthetic PSF diagnostic computed from a simulation residual OPD map; bandpass provenance (direct_public_data): SVO Filter Profile Service direct download for 2MASS/2MASS.J; profile reference http://www.ipac.caltech.edu/2mass/releases/allsky/doc/sec6_4a.html#rsr; 2MASS canonical paper DOI 10.1086/498708.
open_loop,H,1.651366459841462e-06,130.5031512090736,0.7806657119463649,0.780391477140665,1.0729215395070273,0.18269604028375327,0.6258674535749932,0.10659110514113315,1.4258244948298058,0.2427054890232681,0.06960601252559358,synthetic_assumed,Synthetic PSF diagnostic computed from a simulation residual OPD map; bandpass provenance (direct_public_data): SVO Filter Profile Service direct download for 2MASS/2MASS.H; profile reference http://www.ipac.caltech.edu/2mass/releases/allsky/doc/sec6_4a.html#rsr; 2MASS canonical paper DOI 10.1086/498708.
open_loop,K,2.165631123267068e-06,130.50315120907362,0.8659305418351425,0.8658879718136757,1.0561310766074852,0.2358673223067029,0.5950511883163778,0.13288228649797953,1.2983030348846794,0.28958603281522943,0.06711655288335686,synthetic_assumed,Synthetic PSF diagnostic computed from a simulation residual OPD map; bandpass provenance (direct_public_data): SVO Filter Profile Service direct download for 2MASS/2MASS.Ks; profile reference http://www.ipac.caltech.edu/2mass/releases/allsky/doc/sec6_4a.html#rsr; 2MASS canonical paper DOI 10.1086/498708.
ideal_closed_loop,J,1.2410517069432106e-06,0.0,1.0,1.0,1.035688185155871,0.1325604701487587,0.5597928684393514,0.07164936984877798,0.8851102410936686,0.11328760081896624,0.0640412364888775,synthetic_assumed,Synthetic PSF diagnostic computed from a simulation residual OPD map; bandpass provenance (direct_public_data): SVO Filter Profile Service direct download for 2MASS/2MASS.J; profile reference http://www.ipac.caltech.edu/2mass/releases/allsky/doc/sec6_4a.html#rsr; 2MASS canonical paper DOI 10.1086/498708.
ideal_closed_loop,H,1.651366459841462e-06,0.0,1.0,1.0,1.035688185155871,0.17638742453660913,0.5597928684393514,0.09533798275696043,0.8851102410936686,0.15074258651892705,0.0640412364888775,synthetic_assumed,Synthetic PSF diagnostic computed from a simulation residual OPD map; bandpass provenance (direct_public_data): SVO Filter Profile Service direct download for 2MASS/2MASS.H; profile reference http://www.ipac.caltech.edu/2mass/releases/allsky/doc/sec6_4a.html#rsr; 2MASS canonical paper DOI 10.1086/498708.
ideal_closed_loop,K,2.165631123267068e-06,0.0,1.0000000000000002,1.0,1.0356881851558712,0.23131758190491208,0.5597928684393515,0.12502791337290106,0.8851102410936689,0.19768648867829616,0.0640412364888775,synthetic_assumed,Synthetic PSF diagnostic computed from a simulation residual OPD map; bandpass provenance (direct_public_data): SVO Filter Profile Service direct download for 2MASS/2MASS.Ks; profile reference http://www.ipac.caltech.edu/2mass/releases/allsky/doc/sec6_4a.html#rsr; 2MASS canonical paper DOI 10.1086/498708.
realistic_closed_loop,J,1.2410517069432106e-06,28.71069326599619,0.978919362023078,0.9789198984211291,1.0385265168152302,0.13292168382560887,0.5597928684393514,0.07164936984877798,0.9211169644179199,0.1176285031095936,0.06446981012043297,synthetic_assumed,Synthetic PSF diagnostic computed from a simulation residual OPD map; bandpass provenance (direct_public_data): SVO Filter Profile Service direct download for 2MASS/2MASS.J; profile reference http://www.ipac.caltech.edu/2mass/releases/allsky/doc/sec6_4a.html#rsr; 2MASS canonical paper DOI 10.1086/498708.
realistic_closed_loop,H,1.651366459841462e-06,28.71069326599619,0.9880574616784998,0.9880576709145089,1.0372810343536263,0.17665746403316296,0.5597928684393514,0.09533798275696043,0.8851102410936686,0.15074258651892705,0.06428177531449772,synthetic_assumed,Synthetic PSF diagnostic computed from a simulation residual OPD map; bandpass provenance (direct_public_data): SVO Filter Profile Service direct download for 2MASS/2MASS.H; profile reference http://www.ipac.caltech.edu/2mass/releases/allsky/doc/sec6_4a.html#rsr; 2MASS canonical paper DOI 10.1086/498708.
realistic_closed_loop,K,2.165631123267068e-06,28.7106932659962,0.9930514102374239,0.9930514876962677,1.036610237663506,0.2315228415504927,0.5597928684393515,0.12502791337290106,0.8851102410936689,0.19768648867829616,0.0641804841138858,synthetic_assumed,Synthetic PSF diagnostic computed from a simulation residual OPD map; bandpass provenance (direct_public_data): SVO Filter Profile Service direct download for 2MASS/2MASS.Ks; profile reference http://www.ipac.caltech.edu/2mass/releases/allsky/doc/sec6_4a.html#rsr; 2MASS canonical paper DOI 10.1086/498708.
