center_x,center_y,shift_x_pix,shift_y_pix,flux_e,valid
-0.4375,-0.1875,-0.23640469600815273,-0.1180114584137062,19818.324422666043,True
-0.4375,-0.0625,-0.23431942392661753,-0.03254813257625244,20156.74643639053,True
-0.4375,0.0625,-0.21512138113743617,-0.011616426050375495,20027.490730419522,True
-0.4375,0.1875,-0.20538280733914505,0.007990494290032402,19468.59773659247,True
-0.3125,-0.3125,-0.17934491012061926,-0.11223300981830953,19862.70700009357,True
-0.3125,-0.1875,-0.13337117638042173,-0.12005330927470403,20085.81132975973,True
-0.3125,-0.0625,-0.14625997880755293,-0.07286734614041102,19868.614126806562,True
-0.3125,0.0625,-0.14275843156073265,-0.0322982521427857,20206.276479337932,True
-0.3125,0.1875,-0.21210248339861337,-0.02034345670612403,19819.711277591945,True
-0.3125,0.3125,-0.19116019086829716,0.057255448580349366,19647.137699609477,True
-0.1875,-0.4375,-0.0998545609962278,-0.14846508794557778,19880.668518577964,True
-0.1875,-0.3125,-0.10920372964185532,-0.11052005844363677,20343.75401822918,True
-0.1875,-0.1875,-0.07069815955277292,-0.0801913662744429,19861.961883563235,True
-0.1875,-0.0625,-0.11894348073792216,-0.12385005543525018,20128.637521421508,True
-0.1875,0.0625,-0.04738553750606478,-0.07059631961108614,19971.266749566566,True
-0.1875,0.1875,-0.09676433004436724,0.04912576602872498,19848.551958687913,True
-0.1875,0.3125,-0.12433753291526806,-0.023037783414226354,19895.399654418536,True
-0.1875,0.4375,-0.061738606582105504,0.03509609067578978,19800.12393218319,True
-0.0625,-0.4375,-0.030595395469639186,-0.14897043945549449,20089.30888750001,True
-0.0625,-0.3125,-0.025600631210158653,-0.14119448600315643,20026.834691861226,True
-0.0625,-0.1875,-0.02901428189392874,-0.10692670652072245,19916.61000891642,True
-0.0625,-0.0625,-0.058437193555787914,-0.1199757408589992,19967.671942048783,True
-0.0625,0.0625,-0.0363756881588575,-0.041608044550569545,19894.854605316777,True
-0.0625,0.1875,-0.011580644506572924,-0.027695767366138213,20153.03613658339,True
-0.0625,0.3125,-0.05867401597050126,0.01715362909824769,19968.47474273773,True
-0.0625,0.4375,-0.03799178780505663,0.09251225182507206,19948.36355527901,True
0.0625,-0.4375,0.05092834850328032,-0.11031850698512535,19993.403139936163,True
0.0625,-0.3125,0.05134807878089376,-0.1595013955906115,20012.985353357923,True
0.0625,-0.1875,0.11212460793754886,-0.15110553732129794,19976.724942727553,True
0.0625,-0.0625,0.04882277351359576,-0.07736963725789714,20112.083889693964,True
0.0625,0.0625,0.025542048835941245,-0.030472213752281263,20170.044357143717,True
0.0625,0.1875,0.03573263819936301,-0.025844702937037667,19900.612900464752,True
0.0625,0.3125,0.0203181078412058,0.012338464086036893,19929.751159729632,True
0.0625,0.4375,0.06948951633015099,0.11006224799163533,19728.01981575271,True
0.1875,-0.4375,0.1612109067856622,-0.18225589622147353,19875.564384167585,True
0.1875,-0.3125,0.11764116763667687,-0.15150542126920108,20034.093929969218,True
0.1875,-0.1875,0.11469275673692181,-0.08915030919194855,19896.27211692858,True
0.1875,-0.0625,0.14576112565683985,-0.01240515793870145,19947.571176482852,True
0.1875,0.0625,0.13005930666804844,-0.016372100909537224,20024.86430034139,True
0.1875,0.1875,0.08914570788504861,0.012305577677365065,20137.109541339712,True
0.1875,0.3125,0.17105782574865103,0.0008788225493692181,20013.37850146717,True
0.1875,0.4375,0.06733769949513402,0.042491465533773365,19415.029441990206,True
0.3125,-0.3125,0.21121196304652834,-0.11055564481246272,20057.39436682687,True
0.3125,-0.1875,0.1889608465478929,-0.05627291143888691,19805.106139418764,True
0.3125,-0.0625,0.19316463804824835,-0.005372239005334123,20112.121344664894,True
0.3125,0.0625,0.18347310872372802,-0.03565798294379796,19852.38786448854,True
0.3125,0.1875,0.20641007337274786,0.0056400166901067195,20000.05752280032,True
0.3125,0.3125,0.1902178229000011,0.024098742232929737,19771.558799683502,True
0.4375,-0.1875,0.22649483964702455,-0.06478505796482814,19767.27688221762,True
0.4375,-0.0625,0.20954283359243142,-0.016218617380298284,19975.665720045694,True
0.4375,0.0625,0.25115267218956205,-0.05052713308793244,20008.10844040846,True
0.4375,0.1875,0.22206509064976032,0.012285940857973188,19623.12917153022,True
